-- phpMyAdmin SQL Dump
-- version 4.4.14
-- http://www.phpmyadmin.net
--
-- 主機: 127.0.0.1
-- 產生時間： 2015-12-13 04:57:34
-- 伺服器版本: 5.6.26
-- PHP 版本： 5.6.12

SET SQL_MODE = "NO_AUTO_VALUE_ON_ZERO";
SET time_zone = "+00:00";


/*!40101 SET @OLD_CHARACTER_SET_CLIENT=@@CHARACTER_SET_CLIENT */;
/*!40101 SET @OLD_CHARACTER_SET_RESULTS=@@CHARACTER_SET_RESULTS */;
/*!40101 SET @OLD_COLLATION_CONNECTION=@@COLLATION_CONNECTION */;
/*!40101 SET NAMES utf8mb4 */;

--
-- 資料庫： `ch18`
--
CREATE DATABASE IF NOT EXISTS `ch18` DEFAULT CHARACTER SET latin1 COLLATE latin1_swedish_ci;
USE `ch18`;

-- --------------------------------------------------------

--
-- 資料表結構 `dist_info`
--

DROP TABLE IF EXISTS `dist_info`;
CREATE TABLE IF NOT EXISTS `dist_info` (
  `DistrictID` varchar(20) NOT NULL,
  `Name` varchar(20) NOT NULL
) ENGINE=InnoDB DEFAULT CHARSET=latin1;

--
-- 資料表的匯出資料 `dist_info`
--

INSERT INTO `dist_info` (`DistrictID`, `Name`) VALUES
('1', 'Guishan'),
('2', 'Taoyuan'),
('3', 'Zhongli'),
('4', 'Longtan'),
('5', 'Daxi'),
('6', 'Fuxing'),
('7', 'Yangmei'),
('8', 'Xinwu'),
('9', 'Luzhu'),
('10', 'Dayuan'),
('11', 'Bade'),
('12', 'Pingzhen'),
('13', 'Yixin');

-- --------------------------------------------------------

--
-- 資料表結構 `summary`
--

DROP TABLE IF EXISTS `summary`;
CREATE TABLE IF NOT EXISTS `summary` (
  `DistrictID` varchar(20) NOT NULL,
  `TYPEID` varchar(20) NOT NULL,
  `Price` int(8) NOT NULL
) ENGINE=InnoDB DEFAULT CHARSET=latin1;

--
-- 資料表的匯出資料 `summary`
--

INSERT INTO `summary` (`DistrictID`, `TYPEID`, `Price`) VALUES
('6', 'C', 478),
('6', 'C', 714),
('2', 'C', 756),
('2', 'C', 757),
('6', 'C', 847),
('7', 'C', 874),
('6', 'C', 907),
('6', 'C', 908),
('6', 'C', 942),
('6', 'C', 1020),
('5', 'C', 1150),
('4', 'C', 1210),
('5', 'C', 1210),
('5', 'C', 1210),
('5', 'C', 1400),
('7', 'C', 1417),
('7', 'C', 1462),
('4', 'C', 1508),
('4', 'C', 1598),
('4', 'C', 1598),
('6', 'C', 1814),
('5', 'C', 1815),
('4', 'C', 1825),
('6', 'C', 1842),
('13', 'C', 1880),
('5', 'C', 2032),
('10', 'D', 2144),
('13', 'C', 2203),
('8', 'C', 2300),
('7', 'C', 2300),
('3', 'D', 2506),
('7', 'C', 2600),
('5', 'C', 2701),
('5', 'C', 2721),
('5', 'C', 2722),
('8', 'C', 2810),
('7', 'C', 2864),
('8', 'C', 2869),
('8', 'C', 3025),
('7', 'C', 3141),
('4', 'C', 3323),
('4', 'C', 3325),
('4', 'C', 3327),
('4', 'C', 3327),
('4', 'C', 3327),
('4', 'C', 3327),
('4', 'C', 3327),
('4', 'C', 3327),
('4', 'C', 3327),
('4', 'C', 3328),
('5', 'C', 3378),
('13', 'C', 3462),
('12', 'C', 3520),
('7', 'C', 3578),
('12', 'C', 3630),
('4', 'C', 3630),
('4', 'C', 3630),
('4', 'C', 3630),
('4', 'C', 3630),
('4', 'C', 3630),
('5', 'C', 3801),
('5', 'C', 3933),
('12', 'C', 3936),
('5', 'C', 3955),
('10', 'C', 4000),
('7', 'C', 4065),
('8', 'C', 4084),
('3', 'C', 4101),
('13', 'C', 4109),
('7', 'C', 4160),
('8', 'C', 4386),
('1', 'C', 4472),
('4', 'C', 4540),
('7', 'C', 4600),
('12', 'C', 4626),
('12', 'C', 4700),
('12', 'C', 4700),
('12', 'C', 4700),
('12', 'C', 4700),
('12', 'C', 4700),
('8', 'C', 4781),
('7', 'C', 4800),
('3', 'C', 4802),
('4', 'C', 4839),
('4', 'C', 4839),
('4', 'C', 4839),
('4', 'C', 4840),
('4', 'C', 4840),
('13', 'C', 4840),
('4', 'C', 4841),
('11', 'C', 4880),
('13', 'C', 5142),
('7', 'C', 5143),
('3', 'C', 5233),
('8', 'C', 5271),
('13', 'C', 5272),
('9', 'C', 5291),
('1', 'A', 5330),
('3', 'C', 5352),
('8', 'C', 5445),
('8', 'C', 5445),
('8', 'C', 5445),
('8', 'C', 5446),
('11', 'C', 5520),
('12', 'C', 5581),
('8', 'C', 5748),
('1', 'C', 5816),
('9', 'A', 5824),
('7', 'C', 5858),
('8', 'C', 5893),
('13', 'C', 5927),
('3', 'C', 5993),
('4', 'C', 6048),
('5', 'C', 6048),
('4', 'C', 6049),
('3', 'C', 6049),
('12', 'C', 6049),
('8', 'C', 6050),
('8', 'C', 6050),
('8', 'C', 6050),
('8', 'C', 6050),
('4', 'C', 6050),
('8', 'C', 6050),
('8', 'C', 6050),
('8', 'C', 6050),
('8', 'C', 6050),
('10', 'C', 6127),
('8', 'C', 6150),
('12', 'C', 6299),
('8', 'C', 6300),
('8', 'C', 6341),
('8', 'C', 6350),
('8', 'C', 6394),
('8', 'C', 6503),
('8', 'C', 6650),
('3', 'C', 6689),
('12', 'C', 6739),
('13', 'C', 6851),
('13', 'C', 6893),
('5', 'A', 7009),
('5', 'C', 7059),
('4', 'C', 7170),
('12', 'C', 7212),
('9', 'C', 7400),
('8', 'C', 7440),
('12', 'A', 7458),
('1', 'D', 7486),
('8', 'C', 7500),
('12', 'C', 7562),
('4', 'C', 7595),
('12', 'A', 7618),
('4', 'C', 7700),
('3', 'C', 7708),
('13', 'C', 7728),
('10', 'C', 7859),
('13', 'C', 7865),
('7', 'C', 7899),
('10', 'C', 7905),
('5', 'C', 8022),
('12', 'C', 8146),
('9', 'C', 8168),
('7', 'C', 8168),
('11', 'C', 8172),
('12', 'C', 8210),
('7', 'C', 8246),
('7', 'A', 8369),
('7', 'C', 8470),
('8', 'C', 8478),
('4', 'C', 8564),
('7', 'C', 8674),
('12', 'C', 8699),
('5', 'C', 8718),
('3', 'C', 8800),
('13', 'C', 8917),
('10', 'C', 8925),
('5', 'C', 8933),
('12', 'C', 9075),
('12', 'C', 9128),
('12', 'C', 9131),
('4', 'C', 9135),
('4', 'C', 9135),
('5', 'C', 9158),
('12', 'C', 9180),
('12', 'C', 9181),
('8', 'C', 9188),
('4', 'C', 9284),
('3', 'C', 9297),
('11', 'A', 9356),
('3', 'C', 9377),
('12', 'C', 9680),
('3', 'C', 9982),
('4', 'C', 10197),
('5', 'A', 10210),
('2', 'C', 10290),
('10', 'C', 10313),
('3', 'C', 10337),
('3', 'C', 10356),
('3', 'C', 10587),
('1', 'C', 10623),
('11', 'C', 10890),
('5', 'A', 10909),
('3', 'C', 11008),
('7', 'C', 11063),
('12', 'C', 11066),
('11', 'C', 11177),
('3', 'C', 11192),
('4', 'C', 11401),
('7', 'C', 11439),
('10', 'C', 11495),
('13', 'C', 11495),
('4', 'C', 11521),
('2', 'B', 11770),
('3', 'C', 11800),
('12', 'C', 11946),
('3', 'C', 11967),
('10', 'C', 12047),
('9', 'C', 12098),
('5', 'C', 12098),
('12', 'C', 12099),
('3', 'C', 12099),
('13', 'C', 12100),
('3', 'C', 12103),
('8', 'A', 12149),
('9', 'A', 12169),
('4', 'C', 12395),
('13', 'A', 12411),
('1', 'A', 12974),
('2', 'C', 13239),
('7', 'C', 13340),
('3', 'A', 13368),
('10', 'C', 13369),
('11', 'C', 13552),
('4', 'C', 13607),
('8', 'C', 13608),
('12', 'C', 13620),
('12', 'C', 13638),
('4', 'C', 13913),
('8', 'C', 13915),
('7', 'C', 13959),
('5', 'C', 14219),
('4', 'A', 14406),
('4', 'C', 14600),
('4', 'A', 14681),
('4', 'C', 14875),
('7', 'B', 15040),
('10', 'C', 15071),
('7', 'A', 15106),
('10', 'C', 15125),
('9', 'C', 15125),
('5', 'A', 15485),
('13', 'A', 15568),
('7', 'C', 15600),
('11', 'A', 15838),
('8', 'A', 15859),
('4', 'A', 16068),
('4', 'C', 16183),
('5', 'C', 16465),
('5', 'C', 16465),
('9', 'B', 16497),
('7', 'A', 16552),
('7', 'C', 16566),
('7', 'C', 16610),
('13', 'C', 16637),
('1', 'C', 16662),
('1', 'C', 16707),
('4', 'C', 16787),
('3', 'C', 16808),
('5', 'A', 16903),
('7', 'C', 16918),
('10', 'C', 16940),
('7', 'B', 17076),
('13', 'A', 17107),
('2', 'C', 17123),
('4', 'D', 17245),
('5', 'A', 17443),
('7', 'C', 17539),
('13', 'A', 17575),
('7', 'A', 17654),
('7', 'A', 17721),
('12', 'C', 17796),
('12', 'C', 17846),
('4', 'B', 17873),
('7', 'A', 17930),
('7', 'C', 18023),
('1', 'C', 18121),
('12', 'C', 18124),
('12', 'C', 18132),
('3', 'C', 18150),
('7', 'C', 18150),
('1', 'C', 18151),
('12', 'A', 18322),
('7', 'A', 18414),
('1', 'A', 18633),
('11', 'A', 18783),
('2', 'A', 18802),
('1', 'A', 18878),
('4', 'A', 18969),
('7', 'C', 19047),
('7', 'A', 19118),
('2', 'B', 19353),
('1', 'A', 19354),
('4', 'A', 19595),
('4', 'A', 19597),
('4', 'A', 19597),
('2', 'C', 19600),
('10', 'C', 19622),
('10', 'C', 19645),
('7', 'A', 19692),
('7', 'C', 19740),
('3', 'A', 19784),
('7', 'C', 19812),
('7', 'C', 19813),
('12', 'B', 20002),
('3', 'A', 20153),
('1', 'A', 20212),
('12', 'A', 20387),
('5', 'A', 20438),
('10', 'C', 20563),
('12', 'C', 20569),
('13', 'C', 20570),
('13', 'C', 20570),
('9', 'C', 20654),
('1', 'A', 20758),
('3', 'C', 20833),
('4', 'A', 20833),
('5', 'B', 20846),
('13', 'B', 20910),
('5', 'B', 20975),
('7', 'C', 21027),
('7', 'A', 21040),
('3', 'A', 21170),
('3', 'C', 21174),
('7', 'C', 21174),
('11', 'C', 21175),
('1', 'C', 21175),
('1', 'C', 21175),
('5', 'C', 21175),
('5', 'C', 21175),
('1', 'C', 21178),
('11', 'C', 21266),
('3', 'C', 21310),
('7', 'A', 21366),
('7', 'B', 21366),
('7', 'B', 21370),
('1', 'A', 21419),
('3', 'C', 21420),
('5', 'A', 21476),
('3', 'A', 21497),
('11', 'A', 21505),
('3', 'C', 21598),
('13', 'D', 21716),
('7', 'A', 21755),
('5', 'A', 21795),
('5', 'B', 21825),
('7', 'A', 21842),
('10', 'C', 21870),
('4', 'A', 22046),
('12', 'C', 22232),
('13', 'A', 22360),
('12', 'C', 22606),
('3', 'A', 22611),
('7', 'A', 22658),
('2', 'A', 22674),
('3', 'C', 22688),
('2', 'A', 23128),
('7', 'A', 23146),
('7', 'A', 23167),
('4', 'A', 23186),
('3', 'A', 23226),
('4', 'A', 23368),
('12', 'A', 23617),
('13', 'A', 23636),
('2', 'C', 23641),
('3', 'C', 23746),
('7', 'C', 23810),
('12', 'A', 23883),
('13', 'C', 23958),
('4', 'C', 24096),
('1', 'C', 24137),
('3', 'C', 24155),
('3', 'A', 24177),
('7', 'C', 24193),
('13', 'C', 24193),
('12', 'C', 24200),
('10', 'C', 24200),
('9', 'C', 24208),
('13', 'C', 24236),
('12', 'C', 24250),
('13', 'A', 24259),
('12', 'C', 24281),
('1', 'A', 24316),
('7', 'A', 24351),
('12', 'C', 24483),
('2', 'C', 24543),
('4', 'C', 24550),
('8', 'C', 24608),
('8', 'C', 24653),
('4', 'A', 24799),
('13', 'A', 24821),
('10', 'C', 24823),
('13', 'C', 24887),
('2', 'B', 24921),
('7', 'A', 24930),
('5', 'C', 25000),
('11', 'A', 25027),
('12', 'A', 25137),
('11', 'A', 25180),
('10', 'B', 25203),
('7', 'A', 25265),
('12', 'A', 25286),
('3', 'A', 25287),
('3', 'A', 25412),
('2', 'C', 25666),
('4', 'A', 25667),
('3', 'C', 25683),
('3', 'C', 25713),
('3', 'C', 25713),
('7', 'B', 25753),
('5', 'C', 25806),
('4', 'B', 25862),
('7', 'A', 25971),
('3', 'C', 26121),
('11', 'A', 26130),
('13', 'A', 26186),
('4', 'C', 26592),
('10', 'C', 26620),
('2', 'C', 27198),
('7', 'A', 27199),
('5', 'C', 27225),
('7', 'A', 27248),
('4', 'A', 27282),
('9', 'C', 27300),
('3', 'C', 27397),
('10', 'B', 27494),
('9', 'A', 27522),
('7', 'A', 27576),
('7', 'A', 27685),
('2', 'A', 27709),
('12', 'A', 27747),
('3', 'C', 27848),
('7', 'A', 27918),
('4', 'C', 28017),
('4', 'B', 28037),
('7', 'A', 28138),
('3', 'A', 28321),
('12', 'B', 28478),
('5', 'A', 28555),
('13', 'A', 28619),
('3', 'C', 28749),
('7', 'A', 28767),
('3', 'B', 28827),
('5', 'A', 28872),
('10', 'A', 28872),
('4', 'A', 29050),
('11', 'A', 29155),
('7', 'A', 29320),
('7', 'A', 29386),
('1', 'A', 29412),
('4', 'A', 29483),
('7', 'A', 29496),
('12', 'A', 29589),
('10', 'B', 29651),
('7', 'B', 29693),
('13', 'C', 29796),
('9', 'B', 29826),
('12', 'A', 29971),
('11', 'A', 29988),
('4', 'A', 29990),
('7', 'A', 30032),
('4', 'A', 30149),
('7', 'A', 30169),
('10', 'C', 30170),
('7', 'A', 30188),
('7', 'A', 30233),
('3', 'C', 30247),
('4', 'C', 30248),
('3', 'C', 30248),
('9', 'C', 30250),
('12', 'A', 30258),
('7', 'B', 30292),
('11', 'A', 30431),
('7', 'A', 30453),
('3', 'A', 30469),
('3', 'B', 30474),
('2', 'C', 30538),
('3', 'A', 30561),
('7', 'A', 30711),
('12', 'C', 30735),
('3', 'A', 30759),
('7', 'A', 30769),
('2', 'C', 30870),
('3', 'A', 30888),
('2', 'A', 30963),
('5', 'C', 31017),
('4', 'A', 31055),
('1', 'B', 31097),
('10', 'A', 31114),
('11', 'B', 31121),
('7', 'B', 31123),
('1', 'A', 31392),
('8', 'A', 31447),
('7', 'A', 31457),
('12', 'A', 31507),
('3', 'B', 31664),
('8', 'B', 31703),
('8', 'B', 31711),
('11', 'A', 31753),
('10', 'C', 31758),
('13', 'A', 31807),
('10', 'C', 31921),
('3', 'C', 31941),
('8', 'A', 31983),
('8', 'B', 31999),
('11', 'C', 32041),
('12', 'A', 32047),
('4', 'A', 32094),
('5', 'A', 32270),
('5', 'A', 32300),
('2', 'B', 32371),
('4', 'A', 32389),
('11', 'A', 32410),
('10', 'B', 32436),
('9', 'C', 32519),
('9', 'C', 32552),
('12', 'B', 32650),
('2', 'C', 32670),
('4', 'A', 32697),
('1', 'A', 32731),
('11', 'A', 32762),
('8', 'A', 32827),
('9', 'B', 32893),
('7', 'A', 33023),
('4', 'A', 33257),
('11', 'C', 33274),
('7', 'C', 33275),
('8', 'C', 33277),
('3', 'A', 33333),
('8', 'B', 33339),
('4', 'A', 33354),
('5', 'C', 33356),
('9', 'A', 33437),
('1', 'A', 33632),
('3', 'C', 33800),
('7', 'B', 33844),
('4', 'A', 33844),
('1', 'A', 33974),
('7', 'B', 34034),
('13', 'A', 34068),
('1', 'A', 34114),
('13', 'A', 34134),
('7', 'B', 34145),
('3', 'A', 34180),
('8', 'B', 34204),
('12', 'A', 34241),
('8', 'B', 34281),
('3', 'A', 34294),
('3', 'A', 34361),
('7', 'A', 34373),
('3', 'B', 34448),
('13', 'A', 34467),
('3', 'A', 34524),
('2', 'A', 34551),
('8', 'B', 34577),
('3', 'A', 34703),
('5', 'A', 34764),
('10', 'C', 34767),
('3', 'A', 34770),
('3', 'A', 34810),
('11', 'A', 34810),
('11', 'A', 34813),
('2', 'A', 34906),
('7', 'A', 34925),
('3', 'A', 34955),
('11', 'A', 35030),
('9', 'B', 35155),
('2', 'A', 35158),
('2', 'A', 35230),
('2', 'A', 35235),
('7', 'A', 35290),
('3', 'A', 35291),
('4', 'A', 35298),
('2', 'A', 35393),
('4', 'A', 35401),
('3', 'B', 35473),
('8', 'A', 35480),
('12', 'B', 35519),
('10', 'C', 35694),
('11', 'A', 35714),
('2', 'B', 35820),
('12', 'A', 35853),
('1', 'A', 36106),
('12', 'D', 36160),
('11', 'A', 36211),
('4', 'A', 36223),
('7', 'A', 36287),
('12', 'C', 36297),
('9', 'C', 36298),
('12', 'C', 36299),
('12', 'C', 36299),
('12', 'C', 36300),
('12', 'C', 36300),
('12', 'C', 36301),
('3', 'B', 36303),
('12', 'C', 36311),
('11', 'A', 36316),
('5', 'A', 36320),
('3', 'B', 36360),
('5', 'B', 36519),
('13', 'A', 36539),
('11', 'B', 36563),
('3', 'B', 36567),
('2', 'A', 36611),
('4', 'A', 36684),
('9', 'A', 36723),
('12', 'B', 36734),
('4', 'A', 36759),
('4', 'A', 36767),
('1', 'A', 36785),
('12', 'B', 36865),
('1', 'A', 37026),
('4', 'A', 37037),
('11', 'A', 37055),
('11', 'A', 37084),
('3', 'A', 37134),
('12', 'A', 37178),
('12', 'A', 37394),
('7', 'A', 37406),
('4', 'A', 37419),
('11', 'A', 37437),
('12', 'A', 37461),
('11', 'A', 37476),
('4', 'C', 37488),
('3', 'C', 37575),
('3', 'A', 37605),
('3', 'B', 37636),
('3', 'A', 37675),
('11', 'A', 37692),
('11', 'A', 37692),
('1', 'B', 37704),
('2', 'B', 37756),
('7', 'C', 37837),
('7', 'A', 37865),
('1', 'C', 37894),
('12', 'A', 37903),
('4', 'A', 37939),
('12', 'B', 37942),
('1', 'A', 37998),
('3', 'C', 38095),
('3', 'A', 38095),
('3', 'C', 38129),
('2', 'C', 38169),
('3', 'B', 38197),
('13', 'A', 38282),
('7', 'A', 38352),
('3', 'B', 38382),
('4', 'A', 38416),
('3', 'A', 38519),
('3', 'A', 38542),
('3', 'A', 38563),
('12', 'B', 38711),
('10', 'B', 38783),
('3', 'B', 38812),
('4', 'A', 38935),
('3', 'A', 39003),
('12', 'A', 39024),
('12', 'A', 39115),
('2', 'A', 39130),
('12', 'A', 39133),
('12', 'A', 39226),
('3', 'C', 39321),
('11', 'A', 39374),
('12', 'B', 39379),
('3', 'B', 39397),
('12', 'B', 39399),
('11', 'A', 39506),
('3', 'B', 39517),
('4', 'A', 39526),
('3', 'A', 39534),
('3', 'A', 39543),
('3', 'A', 39616),
('7', 'B', 39632),
('2', 'B', 39648),
('2', 'B', 39658),
('1', 'A', 39744),
('11', 'B', 39844),
('12', 'B', 39871),
('12', 'B', 39980),
('2', 'A', 40022),
('11', 'A', 40060),
('4', 'A', 40128),
('3', 'A', 40173),
('7', 'B', 40183),
('3', 'B', 40262),
('11', 'B', 40266),
('11', 'B', 40267),
('10', 'A', 40269),
('9', 'B', 40293),
('11', 'B', 40332),
('11', 'B', 40333),
('9', 'A', 40406),
('7', 'A', 40419),
('4', 'A', 40423),
('12', 'B', 40445),
('3', 'B', 40490),
('3', 'B', 40493),
('3', 'A', 40516),
('11', 'B', 40563),
('2', 'A', 40580),
('12', 'A', 40681),
('3', 'B', 40728),
('1', 'B', 40736),
('3', 'A', 40737),
('3', 'B', 40762),
('12', 'B', 40775),
('4', 'B', 40834),
('13', 'C', 40837),
('12', 'A', 40898),
('12', 'C', 40907),
('2', 'B', 40913),
('12', 'B', 40930),
('2', 'C', 40995),
('11', 'B', 40999),
('3', 'B', 41008),
('4', 'A', 41030),
('12', 'B', 41031),
('11', 'B', 41038),
('12', 'A', 41059),
('12', 'B', 41085),
('4', 'A', 41095),
('7', 'B', 41116),
('12', 'B', 41145),
('11', 'B', 41154),
('7', 'A', 41205),
('12', 'B', 41226),
('3', 'A', 41251),
('11', 'B', 41254),
('11', 'B', 41254),
('12', 'B', 41315),
('4', 'B', 41342),
('3', 'A', 41343),
('11', 'B', 41350),
('12', 'B', 41436),
('3', 'A', 41440),
('3', 'A', 41440),
('12', 'B', 41446),
('12', 'A', 41446),
('1', 'A', 41462),
('1', 'A', 41492),
('5', 'A', 41496),
('11', 'B', 41504),
('3', 'A', 41506),
('7', 'A', 41507),
('12', 'B', 41570),
('3', 'A', 41572),
('12', 'A', 41579),
('12', 'B', 41583),
('3', 'A', 41635),
('3', 'A', 41675),
('2', 'A', 41676),
('3', 'B', 41701),
('2', 'B', 41710),
('2', 'C', 41745),
('12', 'A', 41761),
('11', 'B', 41763),
('3', 'A', 41764),
('2', 'A', 41801),
('3', 'B', 41828),
('3', 'B', 41851),
('1', 'A', 41877),
('5', 'A', 41907),
('1', 'B', 41918),
('1', 'B', 41920),
('12', 'B', 41921),
('12', 'B', 41942),
('12', 'C', 42000),
('3', 'A', 42002),
('2', 'B', 42040),
('11', 'A', 42157),
('3', 'B', 42181),
('12', 'A', 42208),
('2', 'C', 42220),
('11', 'B', 42242),
('7', 'A', 42254),
('11', 'A', 42284),
('12', 'A', 42323),
('3', 'A', 42329),
('2', 'C', 42350),
('3', 'B', 42386),
('12', 'A', 42418),
('3', 'A', 42445),
('3', 'A', 42508),
('3', 'B', 42523),
('12', 'B', 42553),
('10', 'A', 42577),
('12', 'A', 42597),
('12', 'B', 42632),
('3', 'A', 42636),
('7', 'B', 42638),
('11', 'B', 42648),
('7', 'A', 42654),
('11', 'A', 42719),
('3', 'A', 42747),
('3', 'C', 42771),
('11', 'A', 42787),
('11', 'B', 42835),
('3', 'A', 42873),
('4', 'A', 42875),
('12', 'A', 42897),
('3', 'A', 42903),
('3', 'A', 42903),
('3', 'A', 42903),
('3', 'A', 42903),
('3', 'A', 42903),
('3', 'A', 42921),
('12', 'B', 42937),
('2', 'B', 42944),
('9', 'C', 42951),
('5', 'A', 42971),
('12', 'B', 43003),
('3', 'A', 43013),
('3', 'A', 43086),
('12', 'B', 43097),
('3', 'A', 43103),
('12', 'A', 43128),
('7', 'C', 43137),
('12', 'A', 43173),
('12', 'B', 43184),
('3', 'B', 43285),
('3', 'B', 43291),
('5', 'A', 43312),
('12', 'A', 43377),
('12', 'B', 43393),
('11', 'B', 43417),
('12', 'B', 43455),
('3', 'A', 43478),
('10', 'A', 43489),
('11', 'A', 43496),
('2', 'B', 43526),
('4', 'A', 43592),
('4', 'A', 43617),
('12', 'B', 43671),
('12', 'B', 43703),
('12', 'A', 43768),
('12', 'B', 43787),
('12', 'B', 43798),
('11', 'A', 43802),
('2', 'C', 43862),
('7', 'A', 43948),
('1', 'B', 43959),
('8', 'C', 43988),
('11', 'C', 43993),
('4', 'A', 44026),
('11', 'A', 44046),
('3', 'B', 44084),
('12', 'A', 44094),
('3', 'B', 44114),
('3', 'B', 44288),
('12', 'B', 44291),
('4', 'B', 44303),
('12', 'A', 44324),
('11', 'A', 44343),
('11', 'A', 44396),
('9', 'C', 44423),
('12', 'B', 44439),
('3', 'A', 44444),
('11', 'A', 44450),
('9', 'C', 44467),
('2', 'B', 44497),
('3', 'A', 44507),
('3', 'B', 44539),
('7', 'A', 44547),
('2', 'A', 44585),
('12', 'A', 44623),
('3', 'A', 44646),
('12', 'A', 44673),
('7', 'C', 44697),
('5', 'B', 44770),
('2', 'B', 44774),
('7', 'B', 44779),
('12', 'B', 44833),
('12', 'B', 44853),
('3', 'A', 44878),
('3', 'A', 44888),
('12', 'B', 44923),
('12', 'B', 44923),
('2', 'A', 44967),
('3', 'A', 45029),
('4', 'A', 45108),
('4', 'A', 45185),
('2', 'A', 45215),
('9', 'A', 45220),
('12', 'B', 45257),
('3', 'B', 45280),
('5', 'C', 45360),
('11', 'B', 45403),
('2', 'B', 45413),
('12', 'B', 45434),
('12', 'B', 45475),
('7', 'A', 45520),
('11', 'B', 45540),
('4', 'B', 45562),
('4', 'A', 45624),
('2', 'A', 45625),
('3', 'C', 45660),
('2', 'C', 45670),
('11', 'A', 45707),
('11', 'C', 45729),
('3', 'B', 45739),
('12', 'B', 45746),
('12', 'B', 45773),
('9', 'A', 45803),
('3', 'A', 45911),
('11', 'B', 45917),
('2', 'B', 45953),
('11', 'A', 46002),
('12', 'B', 46003),
('12', 'B', 46009),
('2', 'A', 46015),
('12', 'A', 46037),
('12', 'B', 46051),
('2', 'A', 46083),
('3', 'B', 46085),
('2', 'A', 46092),
('2', 'B', 46143),
('2', 'B', 46172),
('7', 'C', 46238),
('2', 'A', 46243),
('3', 'B', 46259),
('2', 'A', 46269),
('12', 'B', 46292),
('2', 'A', 46314),
('3', 'A', 46325),
('12', 'B', 46343),
('2', 'A', 46357),
('12', 'B', 46397),
('3', 'B', 46441),
('7', 'A', 46470),
('12', 'A', 46489),
('2', 'A', 46508),
('4', 'A', 46509),
('2', 'B', 46509),
('12', 'B', 46512),
('3', 'A', 46545),
('2', 'A', 46562),
('12', 'A', 46564),
('12', 'B', 46572),
('12', 'A', 46578),
('3', 'A', 46600),
('12', 'B', 46644),
('3', 'A', 46648),
('12', 'B', 46654),
('3', 'B', 46656),
('12', 'A', 46677),
('12', 'B', 46679),
('12', 'B', 46709),
('9', 'A', 46746),
('9', 'A', 46753),
('12', 'B', 46760),
('11', 'B', 46818),
('12', 'B', 46857),
('12', 'A', 46924),
('12', 'B', 46929),
('12', 'B', 46933),
('12', 'B', 46933),
('12', 'A', 46967),
('12', 'B', 46972),
('12', 'B', 46972),
('3', 'B', 47028),
('2', 'B', 47068),
('12', 'B', 47127),
('12', 'B', 47127),
('13', 'A', 47128),
('11', 'B', 47132),
('12', 'A', 47150),
('12', 'B', 47154),
('4', 'A', 47159),
('7', 'C', 47170),
('4', 'A', 47170),
('12', 'B', 47202),
('12', 'B', 47202),
('4', 'A', 47222),
('3', 'A', 47225),
('12', 'B', 47248),
('12', 'A', 47302),
('11', 'B', 47332),
('12', 'A', 47409),
('11', 'B', 47416),
('2', 'B', 47459),
('12', 'B', 47470),
('12', 'B', 47544),
('12', 'A', 47548),
('3', 'A', 47560),
('3', 'B', 47611),
('12', 'B', 47612),
('2', 'A', 47628),
('4', 'A', 47680),
('11', 'B', 47727),
('11', 'B', 47758),
('12', 'B', 47762),
('12', 'B', 47762),
('11', 'C', 47774),
('12', 'B', 47794),
('12', 'B', 47798),
('12', 'A', 47844),
('12', 'A', 47893),
('12', 'B', 47908),
('8', 'C', 47918),
('12', 'B', 47965),
('7', 'B', 47970),
('11', 'B', 47986),
('3', 'A', 47994),
('11', 'B', 48010),
('12', 'B', 48013),
('11', 'B', 48039),
('12', 'B', 48047),
('11', 'B', 48107),
('11', 'B', 48139),
('1', 'A', 48142),
('5', 'A', 48155),
('5', 'B', 48186),
('12', 'B', 48211),
('12', 'B', 48211),
('12', 'B', 48211),
('12', 'B', 48211),
('5', 'B', 48247),
('2', 'A', 48269),
('1', 'B', 48276),
('7', 'A', 48287),
('2', 'A', 48298),
('12', 'B', 48302),
('12', 'B', 48304),
('12', 'B', 48309),
('12', 'B', 48322),
('3', 'A', 48327),
('12', 'A', 48342),
('1', 'B', 48373),
('12', 'B', 48378),
('12', 'B', 48378),
('12', 'B', 48382),
('9', 'C', 48397),
('12', 'B', 48419),
('12', 'B', 48430),
('12', 'B', 48430),
('12', 'B', 48430),
('3', 'B', 48460),
('12', 'B', 48461),
('11', 'B', 48491),
('3', 'A', 48497),
('12', 'B', 48514),
('12', 'B', 48525),
('12', 'B', 48544),
('11', 'B', 48544),
('13', 'A', 48577),
('11', 'B', 48647),
('2', 'B', 48692),
('7', 'A', 48693),
('12', 'B', 48699),
('3', 'B', 48720),
('11', 'B', 48737),
('12', 'B', 48795),
('2', 'B', 48842),
('2', 'A', 48869),
('12', 'B', 48879),
('12', 'B', 48879),
('2', 'B', 48912),
('12', 'A', 48929),
('12', 'B', 48929),
('11', 'B', 48946),
('3', 'A', 48958),
('3', 'B', 48975),
('5', 'A', 48980),
('12', 'B', 48994),
('1', 'A', 49078),
('3', 'B', 49165),
('11', 'A', 49179),
('2', 'A', 49182),
('11', 'B', 49185),
('2', 'A', 49188),
('5', 'A', 49200),
('5', 'A', 49200),
('11', 'B', 49206),
('3', 'B', 49225),
('12', 'B', 49265),
('12', 'B', 49265),
('11', 'B', 49320),
('3', 'B', 49326),
('2', 'A', 49331),
('2', 'A', 49335),
('3', 'B', 49346),
('12', 'B', 49432),
('12', 'B', 49454),
('11', 'B', 49456),
('3', 'A', 49482),
('12', 'A', 49505),
('12', 'A', 49505),
('1', 'B', 49508),
('2', 'A', 49512),
('12', 'B', 49533),
('12', 'B', 49541),
('11', 'B', 49541),
('12', 'A', 49564),
('2', 'A', 49581),
('3', 'B', 49584),
('2', 'A', 49590),
('3', 'A', 49618),
('12', 'B', 49621),
('3', 'A', 49639),
('12', 'A', 49651),
('11', 'B', 49659),
('3', 'B', 49760),
('3', 'A', 49770),
('3', 'B', 49836),
('11', 'B', 49837),
('12', 'A', 49923),
('12', 'A', 49933),
('2', 'A', 49936),
('12', 'A', 49939),
('11', 'B', 49945),
('3', 'B', 49965),
('11', 'B', 49973),
('2', 'A', 49981),
('2', 'A', 49983),
('11', 'B', 50064),
('11', 'B', 50064),
('11', 'B', 50064),
('5', 'A', 50073),
('12', 'B', 50088),
('12', 'B', 50100),
('1', 'B', 50139),
('12', 'A', 50144),
('12', 'A', 50162),
('3', 'A', 50165),
('1', 'B', 50190),
('11', 'B', 50215),
('2', 'A', 50251),
('11', 'B', 50312),
('11', 'B', 50335),
('11', 'B', 50353),
('12', 'B', 50354),
('2', 'B', 50393),
('9', 'A', 50446),
('1', 'B', 50467),
('9', 'A', 50471),
('11', 'B', 50485),
('2', 'A', 50495),
('12', 'B', 50496),
('12', 'B', 50522),
('12', 'A', 50591),
('11', 'A', 50595),
('9', 'C', 50600),
('3', 'B', 50680),
('11', 'B', 50685),
('11', 'B', 50780),
('3', 'A', 50792),
('2', 'B', 50821),
('12', 'A', 50834),
('11', 'B', 50851),
('3', 'A', 50865),
('11', 'B', 50868),
('11', 'B', 50873),
('7', 'A', 50874),
('2', 'A', 50905),
('11', 'B', 50906),
('2', 'B', 50920),
('11', 'A', 50924),
('11', 'B', 50928),
('3', 'A', 50974),
('11', 'B', 50980),
('2', 'B', 51042),
('11', 'B', 51073),
('12', 'B', 51089),
('12', 'B', 51112),
('11', 'B', 51112),
('12', 'B', 51172),
('2', 'B', 51201),
('12', 'A', 51232),
('2', 'B', 51244),
('12', 'A', 51251),
('11', 'B', 51282),
('11', 'B', 51336),
('2', 'A', 51387),
('2', 'A', 51402),
('11', 'B', 51452),
('12', 'B', 51475),
('11', 'B', 51495),
('12', 'B', 51508),
('3', 'A', 51594),
('9', 'B', 51630),
('11', 'B', 51661),
('11', 'B', 51678),
('11', 'B', 51717),
('11', 'B', 51717),
('12', 'B', 51720),
('3', 'B', 51734),
('2', 'B', 51758),
('9', 'A', 51774),
('2', 'B', 51795),
('3', 'A', 51819),
('9', 'B', 51869),
('12', 'A', 51893),
('12', 'B', 51943),
('12', 'B', 51950),
('7', 'A', 51966),
('11', 'B', 52060),
('1', 'A', 52100),
('11', 'B', 52118),
('2', 'A', 52187),
('11', 'B', 52194),
('11', 'B', 52210),
('7', 'A', 52217),
('3', 'B', 52274),
('12', 'B', 52281),
('4', 'A', 52291),
('2', 'B', 52303),
('12', 'B', 52337),
('11', 'B', 52384),
('11', 'B', 52408),
('2', 'B', 52424),
('12', 'B', 52468),
('11', 'B', 52470),
('11', 'B', 52502),
('11', 'B', 52502),
('11', 'B', 52552),
('3', 'B', 52559),
('11', 'A', 52562),
('9', 'C', 52624),
('12', 'B', 52624),
('3', 'B', 52627),
('9', 'B', 52658),
('11', 'B', 52691),
('11', 'B', 52771),
('11', 'B', 52777),
('11', 'A', 52809),
('11', 'B', 52853),
('11', 'C', 52890),
('7', 'C', 52923),
('2', 'B', 52940),
('2', 'A', 52966),
('2', 'B', 52966),
('2', 'C', 52985),
('11', 'B', 53012),
('3', 'B', 53018),
('3', 'A', 53033),
('11', 'B', 53033),
('1', 'B', 53037),
('3', 'A', 53062),
('1', 'B', 53099),
('2', 'B', 53196),
('11', 'B', 53249),
('2', 'B', 53263),
('1', 'B', 53270),
('11', 'B', 53336),
('11', 'B', 53359),
('1', 'B', 53365),
('11', 'B', 53377),
('9', 'A', 53419),
('11', 'A', 53420),
('11', 'B', 53459),
('11', 'B', 53473),
('11', 'B', 53494),
('11', 'B', 53504),
('11', 'B', 53515),
('3', 'A', 53551),
('3', 'A', 53608),
('11', 'B', 53613),
('11', 'B', 53613),
('11', 'B', 53626),
('8', 'C', 53686),
('2', 'A', 53715),
('11', 'B', 53722),
('12', 'B', 53739),
('11', 'B', 53743),
('9', 'A', 53766),
('3', 'A', 53790),
('12', 'B', 53830),
('11', 'B', 53836),
('2', 'A', 53882),
('11', 'B', 54000),
('11', 'B', 54002),
('11', 'B', 54016),
('12', 'A', 54036),
('1', 'B', 54074),
('1', 'A', 54075),
('9', 'A', 54096),
('11', 'B', 54097),
('2', 'B', 54100),
('11', 'B', 54138),
('11', 'B', 54155),
('3', 'B', 54178),
('2', 'A', 54195),
('1', 'A', 54244),
('2', 'B', 54253),
('11', 'B', 54337),
('11', 'B', 54405),
('5', 'C', 54431),
('12', 'B', 54437),
('1', 'B', 54451),
('11', 'B', 54463),
('5', 'C', 54470),
('12', 'A', 54561),
('11', 'B', 54579),
('3', 'B', 54593),
('11', 'A', 54628),
('2', 'A', 54642),
('11', 'B', 54648),
('2', 'A', 54675),
('11', 'B', 54730),
('7', 'C', 54747),
('2', 'A', 54747),
('2', 'B', 54764),
('11', 'B', 54773),
('3', 'C', 54773),
('11', 'B', 54791),
('12', 'A', 54820),
('3', 'A', 54931),
('11', 'B', 54994),
('10', 'B', 55006),
('3', 'C', 55020),
('11', 'A', 55024),
('3', 'A', 55041),
('3', 'B', 55055),
('11', 'B', 55062),
('7', 'A', 55064),
('2', 'B', 55094),
('2', 'B', 55144),
('4', 'B', 55147),
('2', 'A', 55151),
('11', 'B', 55183),
('3', 'A', 55221),
('2', 'B', 55241),
('11', 'B', 55241),
('9', 'B', 55244),
('11', 'B', 55246),
('7', 'A', 55246),
('11', 'B', 55260),
('11', 'B', 55285),
('3', 'B', 55305),
('3', 'A', 55402),
('11', 'B', 55505),
('11', 'B', 55505),
('11', 'B', 55539),
('3', 'B', 55546),
('3', 'B', 55558),
('3', 'B', 55589),
('5', 'A', 55607),
('11', 'B', 55683),
('11', 'B', 55716),
('2', 'A', 55765),
('9', 'A', 55785),
('2', 'B', 55791),
('9', 'B', 55799),
('2', 'B', 55840),
('12', 'B', 55850),
('3', 'B', 55858),
('9', 'C', 55901),
('1', 'A', 55920),
('11', 'B', 55930),
('9', 'A', 55986),
('11', 'B', 55993),
('5', 'A', 55996),
('4', 'A', 56018),
('3', 'B', 56048),
('11', 'A', 56093),
('12', 'A', 56098),
('9', 'B', 56115),
('11', 'B', 56125),
('11', 'B', 56125),
('11', 'B', 56144),
('2', 'B', 56212),
('2', 'B', 56212),
('11', 'A', 56252),
('3', 'A', 56257),
('11', 'B', 56269),
('2', 'A', 56372),
('3', 'B', 56427),
('11', 'B', 56464),
('3', 'B', 56498),
('11', 'B', 56501),
('2', 'C', 56515),
('11', 'B', 56569),
('11', 'B', 56575),
('11', 'B', 56575),
('11', 'B', 56587),
('11', 'B', 56587),
('3', 'A', 56607),
('11', 'B', 56611),
('3', 'B', 56653),
('3', 'B', 56704),
('11', 'B', 56705),
('3', 'C', 56711),
('11', 'B', 56748),
('5', 'A', 56776),
('2', 'B', 56784),
('11', 'B', 56795),
('2', 'C', 56800),
('3', 'B', 56805),
('3', 'A', 56818),
('3', 'B', 56836),
('10', 'B', 56862),
('11', 'B', 56990),
('11', 'B', 56997),
('3', 'B', 57005),
('11', 'B', 57065),
('2', 'B', 57067),
('11', 'B', 57090),
('9', 'B', 57094),
('11', 'A', 57148),
('11', 'B', 57159),
('2', 'A', 57176),
('11', 'B', 57214),
('2', 'B', 57222),
('2', 'B', 57243),
('2', 'B', 57244),
('11', 'B', 57251),
('1', 'A', 57252),
('13', 'C', 57254),
('2', 'B', 57301),
('8', 'C', 57349),
('2', 'B', 57371),
('1', 'A', 57455),
('11', 'B', 57581),
('2', 'B', 57586),
('11', 'B', 57658),
('11', 'B', 57669),
('11', 'B', 57737),
('11', 'B', 57825),
('3', 'B', 57850),
('4', 'A', 57930),
('11', 'B', 58073),
('3', 'B', 58077),
('11', 'B', 58123),
('12', 'B', 58145),
('11', 'A', 58158),
('12', 'A', 58218),
('3', 'B', 58323),
('11', 'B', 58340),
('3', 'B', 58386),
('7', 'A', 58426),
('11', 'B', 58496),
('9', 'B', 58512),
('3', 'B', 58519),
('3', 'B', 58539),
('2', 'B', 58544),
('2', 'B', 58658),
('7', 'A', 58665),
('4', 'A', 58853),
('13', 'A', 58866),
('1', 'A', 58928),
('5', 'A', 59010),
('12', 'A', 59048),
('3', 'A', 59137),
('3', 'A', 59140),
('3', 'B', 59147),
('2', 'B', 59157),
('12', 'A', 59197),
('12', 'A', 59200),
('3', 'B', 59305),
('3', 'C', 59400),
('2', 'B', 59412),
('3', 'B', 59516),
('11', 'B', 59587),
('3', 'A', 59705),
('2', 'A', 59779),
('3', 'A', 59853),
('11', 'B', 59868),
('11', 'B', 59875),
('2', 'B', 59876),
('9', 'C', 59915),
('12', 'A', 59976),
('11', 'A', 59998),
('10', 'C', 60000),
('3', 'A', 60020),
('2', 'A', 60045),
('9', 'A', 60123),
('2', 'B', 60142),
('4', 'B', 60170),
('4', 'A', 60175),
('2', 'B', 60275),
('2', 'B', 60279),
('2', 'B', 60414),
('3', 'B', 60485),
('2', 'A', 60500),
('3', 'C', 60526),
('3', 'C', 60526),
('3', 'C', 60526),
('3', 'C', 60526),
('3', 'C', 60526),
('3', 'C', 60526),
('2', 'B', 60533),
('3', 'A', 60675),
('1', 'A', 60755),
('1', 'A', 60778),
('11', 'A', 60785),
('9', 'A', 60820),
('9', 'B', 60925),
('3', 'A', 61005),
('2', 'B', 61097),
('10', 'B', 61098),
('12', 'A', 61159),
('3', 'A', 61161),
('7', 'A', 61204),
('1', 'A', 61211),
('3', 'A', 61229),
('11', 'B', 61321),
('9', 'B', 61511),
('9', 'A', 61519),
('2', 'B', 61525),
('2', 'A', 61536),
('2', 'B', 61557),
('2', 'B', 61610),
('4', 'B', 61657),
('9', 'B', 61672),
('1', 'A', 61741),
('9', 'C', 61751),
('2', 'B', 61753),
('9', 'B', 61766),
('11', 'B', 61822),
('9', 'A', 61903),
('1', 'A', 61939),
('2', 'C', 61965),
('9', 'B', 62003),
('2', 'B', 62287),
('2', 'B', 62287),
('11', 'B', 62306),
('1', 'A', 62385),
('9', 'A', 62414),
('11', 'B', 62417),
('9', 'B', 62435),
('13', 'B', 62437),
('3', 'B', 62493),
('2', 'A', 62525),
('4', 'A', 62559),
('2', 'B', 62577),
('11', 'A', 62635),
('12', 'A', 62677),
('3', 'C', 62916),
('3', 'A', 62918),
('11', 'B', 62933),
('5', 'B', 62969),
('2', 'B', 62983),
('3', 'B', 63064),
('11', 'B', 63149),
('2', 'B', 63235),
('11', 'B', 63332),
('3', 'B', 63348),
('12', 'B', 63404),
('12', 'B', 63444),
('2', 'C', 63532),
('2', 'B', 63578),
('2', 'C', 63581),
('7', 'C', 63657),
('10', 'B', 63683),
('1', 'B', 63687),
('11', 'B', 63807),
('2', 'B', 63850),
('2', 'A', 63861),
('2', 'C', 63867),
('11', 'A', 63902),
('2', 'A', 63927),
('12', 'A', 64034),
('5', 'C', 64041),
('2', 'C', 64129),
('10', 'B', 64133),
('11', 'A', 64154),
('3', 'B', 64298),
('2', 'A', 64431),
('9', 'B', 64436),
('3', 'A', 64510),
('3', 'B', 64526),
('11', 'B', 64753),
('2', 'B', 64776),
('3', 'C', 64800),
('3', 'B', 64858),
('4', 'A', 64894),
('11', 'A', 64929),
('4', 'A', 64937),
('3', 'A', 64990),
('3', 'B', 65104),
('3', 'A', 65246),
('3', 'B', 65445),
('3', 'B', 65469),
('12', 'A', 65495),
('1', 'A', 65520),
('2', 'A', 65558),
('11', 'B', 65578),
('2', 'A', 65578),
('3', 'C', 65643),
('11', 'B', 65643),
('5', 'C', 65857),
('3', 'A', 65858),
('3', 'A', 65876),
('3', 'B', 65878),
('11', 'B', 65884),
('3', 'B', 65914),
('11', 'B', 65960),
('3', 'A', 66041),
('2', 'B', 66061),
('11', 'B', 66088),
('9', 'B', 66128),
('11', 'A', 66135),
('3', 'B', 66172),
('2', 'B', 66242),
('2', 'B', 66260),
('2', 'B', 66260),
('2', 'A', 66298),
('5', 'A', 66367),
('4', 'A', 66376),
('3', 'B', 66499),
('9', 'B', 66499),
('2', 'A', 66542),
('2', 'B', 66612),
('11', 'B', 66711),
('2', 'B', 66753),
('12', 'B', 66852),
('12', 'B', 66903),
('2', 'B', 66920),
('1', 'B', 66921),
('2', 'B', 67024),
('12', 'B', 67050),
('12', 'B', 67109),
('2', 'B', 67162),
('1', 'A', 67223),
('2', 'C', 67234),
('12', 'B', 67266),
('2', 'C', 67279),
('2', 'B', 67519),
('3', 'C', 67675),
('3', 'B', 67773),
('4', 'A', 67883),
('2', 'A', 67891),
('2', 'B', 67960),
('2', 'B', 68049),
('2', 'B', 68088),
('11', 'A', 68131),
('9', 'B', 68169),
('1', 'B', 68206),
('1', 'A', 68440),
('2', 'A', 68444),
('3', 'B', 68485),
('12', 'B', 68510),
('2', 'B', 68550),
('3', 'B', 68593),
('2', 'A', 68650),
('12', 'B', 68653),
('2', 'B', 68788),
('2', 'B', 68835),
('3', 'A', 68871),
('3', 'B', 68876),
('11', 'B', 69018),
('11', 'B', 69067),
('12', 'A', 69125),
('9', 'B', 69196),
('2', 'B', 69233),
('11', 'B', 69275),
('3', 'A', 69338),
('2', 'B', 69415),
('2', 'B', 69516),
('2', 'A', 69545),
('11', 'C', 69548),
('11', 'B', 69693),
('9', 'A', 69699),
('3', 'B', 69751),
('11', 'A', 69756),
('2', 'B', 70109),
('2', 'B', 70208),
('3', 'A', 70271),
('2', 'A', 70306),
('2', 'B', 70378),
('2', 'B', 70581),
('2', 'B', 70605),
('7', 'A', 70804),
('11', 'B', 70849),
('2', 'B', 70918),
('3', 'A', 70919),
('3', 'A', 70919),
('10', 'B', 70926),
('9', 'B', 70930),
('10', 'C', 71001),
('5', 'B', 71048),
('2', 'B', 71054),
('11', 'B', 71056),
('2', 'B', 71280),
('2', 'B', 71525),
('9', 'B', 71548),
('3', 'A', 71628),
('2', 'B', 71732),
('3', 'A', 71801),
('2', 'B', 71888),
('2', 'A', 71925),
('12', 'A', 71994),
('2', 'B', 72074),
('9', 'B', 72130),
('2', 'B', 72244),
('2', 'B', 72323),
('10', 'A', 72346),
('2', 'B', 72354),
('2', 'B', 72369),
('2', 'B', 72388),
('2', 'B', 72420),
('10', 'A', 72477),
('2', 'B', 72495),
('2', 'B', 72526),
('3', 'B', 72579),
('2', 'A', 72600),
('2', 'B', 72679),
('5', 'A', 72708),
('3', 'C', 72917),
('3', 'C', 72927),
('11', 'A', 73156),
('12', 'B', 73227),
('2', 'B', 73358),
('10', 'A', 73383),
('10', 'A', 73383),
('10', 'A', 73383),
('10', 'A', 73383),
('2', 'B', 73422),
('10', 'B', 73429),
('2', 'A', 73571),
('2', 'B', 73628),
('7', 'A', 73648),
('12', 'B', 73670),
('11', 'B', 73689),
('2', 'B', 73710),
('2', 'B', 73783),
('2', 'B', 73855),
('2', 'B', 73881),
('2', 'B', 73938),
('2', 'B', 74116),
('12', 'A', 74162),
('11', 'A', 74273),
('11', 'B', 74546),
('2', 'B', 74548),
('9', 'B', 74589),
('2', 'B', 74610),
('2', 'B', 74610),
('2', 'B', 74635),
('9', 'C', 74735),
('2', 'B', 74898),
('2', 'A', 74911),
('2', 'C', 74938),
('11', 'B', 74978),
('2', 'B', 75111),
('2', 'B', 75117),
('2', 'B', 75390),
('2', 'B', 75396),
('2', 'B', 75419),
('9', 'A', 75465),
('2', 'B', 75590),
('2', 'B', 75596),
('3', 'C', 75606),
('3', 'C', 75606),
('3', 'C', 75606),
('3', 'C', 75606),
('3', 'C', 75606),
('3', 'C', 75606),
('3', 'C', 75606),
('3', 'C', 75606),
('3', 'C', 75606),
('3', 'C', 75606),
('3', 'C', 75617),
('3', 'C', 75617),
('3', 'C', 75617),
('3', 'C', 75617),
('3', 'C', 75625),
('3', 'C', 75625),
('3', 'C', 75628),
('3', 'C', 75635),
('3', 'C', 75636),
('3', 'C', 75636),
('3', 'C', 75638),
('3', 'C', 75638),
('3', 'C', 75638),
('3', 'C', 75638),
('3', 'C', 75657),
('3', 'C', 75657),
('3', 'C', 75657),
('3', 'C', 75657),
('3', 'C', 75657),
('3', 'C', 75657),
('3', 'C', 75657),
('2', 'B', 75671),
('3', 'C', 75690),
('3', 'C', 75690),
('3', 'C', 75690),
('3', 'C', 75690),
('2', 'B', 75711),
('3', 'B', 75714),
('2', 'B', 75724),
('2', 'B', 75724),
('3', 'B', 75737),
('2', 'B', 75833),
('2', 'B', 75847),
('2', 'A', 75848),
('2', 'C', 76180),
('4', 'A', 76232),
('2', 'B', 76417),
('2', 'A', 76535),
('2', 'B', 76577),
('3', 'A', 76680),
('9', 'A', 76700),
('2', 'B', 77226),
('2', 'B', 77248),
('9', 'A', 77370),
('2', 'B', 77394),
('9', 'C', 77396),
('12', 'B', 77453),
('2', 'B', 77470),
('12', 'A', 77535),
('2', 'B', 77567),
('5', 'C', 77650),
('3', 'B', 77750),
('10', 'B', 77817),
('12', 'C', 77859),
('11', 'C', 77872),
('2', 'B', 77882),
('2', 'B', 77882),
('2', 'B', 77952),
('3', 'B', 78011),
('9', 'B', 78056),
('2', 'A', 78246),
('2', 'B', 78263),
('3', 'B', 78369),
('9', 'A', 78401),
('11', 'A', 78484),
('2', 'B', 78540),
('3', 'B', 78591),
('9', 'C', 78608),
('2', 'B', 78622),
('3', 'B', 78815),
('2', 'B', 78829),
('3', 'B', 78845),
('3', 'B', 78908),
('11', 'B', 78924),
('3', 'B', 79025),
('11', 'B', 79199),
('3', 'B', 79225),
('2', 'B', 79380),
('2', 'A', 79395),
('2', 'A', 79465),
('3', 'B', 79522),
('2', 'B', 79610),
('2', 'B', 79836),
('2', 'B', 79921),
('1', 'B', 80061),
('3', 'B', 80082),
('2', 'A', 80216),
('2', 'C', 80230),
('2', 'A', 80263),
('2', 'C', 80503),
('2', 'B', 80563),
('2', 'B', 80608),
('3', 'B', 80632),
('2', 'B', 80657),
('2', 'C', 80925),
('3', 'B', 81304),
('2', 'B', 81322),
('2', 'B', 81473),
('7', 'A', 81606),
('10', 'C', 81633),
('3', 'C', 81674),
('3', 'B', 81701),
('3', 'C', 81768),
('3', 'B', 82125),
('7', 'B', 82437),
('3', 'B', 82732),
('9', 'A', 82817),
('1', 'B', 83333),
('2', 'B', 83436),
('2', 'A', 83562),
('2', 'B', 83626),
('3', 'A', 83787),
('3', 'B', 83807),
('3', 'B', 83869),
('9', 'B', 83931),
('2', 'B', 83948),
('2', 'C', 84311),
('1', 'A', 84434),
('2', 'A', 84452),
('11', 'A', 84462),
('7', 'B', 84493),
('3', 'C', 84690),
('2', 'C', 84692),
('3', 'A', 84752),
('2', 'A', 85127),
('3', 'A', 85158),
('2', 'B', 85351),
('2', 'A', 85373),
('2', 'A', 85556),
('3', 'B', 85732),
('9', 'A', 85873),
('7', 'B', 85908),
('3', 'A', 85911),
('11', 'B', 86006),
('9', 'B', 86029),
('2', 'B', 86239),
('2', 'B', 86479),
('12', 'A', 86883),
('2', 'B', 86904),
('3', 'C', 87118),
('3', 'C', 87119),
('3', 'A', 87238),
('7', 'B', 87521),
('2', 'B', 87615),
('2', 'B', 88011),
('1', 'B', 88133),
('11', 'C', 88274),
('2', 'B', 88355),
('2', 'B', 88532),
('2', 'B', 88767),
('9', 'B', 88785),
('9', 'A', 89008),
('12', 'B', 89079),
('3', 'B', 89506),
('9', 'B', 90035),
('7', 'A', 90163),
('2', 'B', 90465),
('2', 'B', 90616),
('1', 'A', 90683),
('11', 'A', 91065),
('2', 'B', 91099),
('2', 'B', 91657),
('10', 'A', 91669),
('9', 'B', 92163),
('2', 'B', 92425),
('2', 'A', 92433),
('2', 'B', 92593),
('2', 'B', 92646),
('2', 'A', 93322),
('9', 'A', 93657),
('9', 'B', 93782),
('11', 'A', 93852),
('2', 'A', 93879),
('2', 'A', 93889),
('11', 'A', 94272),
('9', 'B', 94345),
('2', 'B', 94450),
('2', 'A', 94538),
('2', 'B', 94637),
('2', 'B', 94673),
('2', 'B', 95048),
('2', 'B', 95221),
('3', 'A', 95568),
('2', 'B', 95806),
('9', 'B', 96563),
('2', 'B', 96682),
('2', 'B', 96759),
('2', 'B', 96799),
('2', 'C', 96800),
('2', 'B', 96914),
('12', 'A', 96937),
('2', 'B', 97007),
('3', 'B', 97159),
('2', 'B', 97487),
('2', 'B', 97707),
('3', 'B', 98185),
('2', 'C', 98186),
('2', 'B', 99479),
('8', 'C', 99569),
('2', 'B', 100000),
('2', 'B', 100016),
('10', 'B', 100213),
('7', 'B', 100827),
('2', 'B', 101252),
('10', 'B', 101320),
('3', 'A', 102469),
('3', 'C', 102485),
('12', 'A', 102708),
('2', 'C', 103200),
('3', 'A', 104167),
('10', 'B', 104705),
('3', 'C', 104720),
('9', 'B', 105368),
('3', 'C', 106595),
('2', 'A', 107611),
('10', 'B', 107971),
('2', 'B', 108137),
('3', 'A', 108512),
('10', 'B', 108652),
('3', 'B', 109339),
('1', 'C', 110412),
('1', 'C', 110412),
('10', 'B', 110695),
('2', 'A', 110751),
('3', 'A', 110823),
('2', 'A', 111081),
('3', 'B', 111910),
('1', 'A', 113236),
('2', 'C', 113694),
('2', 'A', 114286),
('2', 'B', 114892),
('2', 'C', 115842),
('12', 'A', 116078),
('11', 'C', 116668),
('1', 'A', 117057),
('3', 'B', 117388),
('2', 'B', 117615),
('3', 'A', 117791),
('12', 'A', 118447),
('2', 'B', 118555),
('1', 'A', 119190),
('2', 'B', 119515),
('2', 'C', 121019),
('2', 'C', 121944),
('3', 'B', 122349),
('2', 'C', 124002),
('2', 'B', 124363),
('12', 'A', 126413),
('2', 'A', 127068),
('2', 'C', 129335),
('1', 'A', 130034),
('2', 'C', 130075),
('2', 'C', 132314),
('3', 'A', 133526),
('3', 'A', 134722),
('11', 'A', 135186),
('3', 'A', 137741),
('2', 'C', 140288),
('2', 'C', 140640),
('2', 'A', 140977),
('2', 'C', 142857),
('2', 'B', 150462),
('2', 'C', 150490),
('3', 'A', 151511),
('3', 'A', 151515),
('1', 'B', 152544),
('2', 'B', 152586),
('3', 'C', 153000),
('2', 'B', 161395),
('11', 'C', 163934),
('3', 'A', 169558),
('2', 'A', 172871),
('2', 'C', 181500),
('11', 'B', 182064),
('2', 'A', 199362),
('2', 'C', 199649),
('2', 'C', 199650),
('2', 'C', 199650),
('2', 'C', 199650),
('2', 'C', 199650),
('2', 'C', 199650),
('2', 'C', 199650),
('2', 'C', 245100),
('10', 'C', 257125),
('2', 'C', 287375),
('2', 'C', 287375),
('9', 'A', 347105);

-- --------------------------------------------------------

--
-- 資料表結構 `type_info`
--

DROP TABLE IF EXISTS `type_info`;
CREATE TABLE IF NOT EXISTS `type_info` (
  `TYPEID` varchar(20) NOT NULL,
  `TYPENAME` varchar(20) NOT NULL
) ENGINE=InnoDB DEFAULT CHARSET=latin1;

--
-- 資料表的匯出資料 `type_info`
--

INSERT INTO `type_info` (`TYPEID`, `TYPENAME`) VALUES
('A', 'Land+Building'),
('B', 'ALL'),
('C', 'Land'),
('D', 'Building'),
('E', 'Parking spaces');

/*!40101 SET CHARACTER_SET_CLIENT=@OLD_CHARACTER_SET_CLIENT */;
/*!40101 SET CHARACTER_SET_RESULTS=@OLD_CHARACTER_SET_RESULTS */;
/*!40101 SET COLLATION_CONNECTION=@OLD_COLLATION_CONNECTION */;
